Name,Level,MaxHp,Atk,NextExp,Slot
1,1,100,30,100,0
2,2,110,33,150,1
3,3,120,36,200,1
4,4,130,40,250,2
5,5,150,43,300,2
6,6,160,47,350,3
7,7,180,50,400,3
8,8,190,52,450,4
9,9,220,55,500,4
10,10,231,58.88888889,550,4
11,11,248,62.08888889,600,4
12,12,265,65.28888889,650,4
13,13,282,68.48888889,700,4
14,14,299,71.68888889,750,4
15,15,316,74.88888889,800,4
16,16,333,78.08888889,850,4
17,17,350,81.28888889,900,4
18,18,367,84.48888889,950,4
19,19,384,87.68888889,1000,4
